{
    "entry_price": 51059.45,
    "stop_loss_price": 50655.4220902971,
    "target_price": 51867.50581940579,
    "position": null
}